,name
0,Lincolnbdrinkin
1,BraedenMGeorge
2,Beelzeblurbs
3,smarieb5
4,valariejward
5,Katerina0046749
6,zefinderus
7,samadhiyaamit8
8,syndicator42
9,Michael91672795
10,LeonardoGD1995
11,_Baron_of_Hell
12,sammichmclovin
13,Zoey81741942
14,andrewbavs
15,SoyElSadBoy
16,debateam
17,notkyltia
18,maryJam48777292
19,jonalaine3
20,Ga1actic2
21,gueygal
22,MischaLenz1
23,GambaNeles
24,NicoleB05385858
25,Velinov3
26,Diarmui05761005
27,WilliamFerney07
28,victor563412
29,SurpressedArmy
30,MatsuVonMatterh
31,G_Politic
32,00___110
33,ClarissaAvellar
34,iPhoto2018
35,ultimate_anmol
36,FantasyDanimals
37,BeaudoinDave
38,klobabyyyyyy
39,OSCARSARAVI4
40,ZKhabiry
41,unicornqueeniee
42,kew8000
43,KalDie03
44,MooYesTheCheese
45,PamelaShamela
46,LindseyMace3
47,thisis_trending
48,aryamangiri
49,BortoloniE
50,PratikshaDixi13
51,MatteoRibero
52,haize_lempereur
53,_Marchioness_
54,sakshibikam
55,UlsanGreg
56,saintpasy
57,biloooobed
58,ffis2019
59,BhaduriaAman
60,sanjayanna
61,Cartershaw526
62,eldudmx
63,carinahuangtw
64,anastasiabeev
65,singhsurendrra
66,Purwalicious
67,RaoJac
68,sfiliatreault
69,madgimak
70,itsnzi
71,rihards_strauss
72,AkshayK24269766
73,Basti_133
74,kissgnr
75,meliebin
76,_nicolo___
77,sagalindstrom
78,minamarasligil
79,Ris58809334
80,kyleter68375908
81,FloBachino
82,intransit_hh
83,aliyxfarhana
84,NehaSah50540364
85,Jimchawki
86,riley_judd
87,jam57957596
88,SanofaWolf
89,Dannyj18_
90,alexaeierman217
91,masstmayank
92,NatGrat3
93,mightybaconlord
94,IEWofficial
95,ThiagoSessions
96,SixStuart
97,inikhily
98,YYoazz
99,tz7528
100,EmilyOW60953620
101,lparkhe
102,DEAD__MAN___
103,Markush_kush
104,JuicyMeatSlab
105,AleLemosNog
106,KwameBo31147468
107,CuroaFX
108,IAmJessPlant
109,shahddddd_
110,hraval1510
111,WanderingJew0
112,Frigatebird9
113,professor_nword
114,reedhayman
115,nshaner82
116,frank_shep
117,Malpozisyon
118,rvignes0504
119,p_eachgreentea
120,leannebug
121,vyashema
122,alen_deer
123,MaxEzAy
124,RameezMarium
125,shemachris8
126,georgiacobden
127,premetofullkiki
128,melisaaltindagg
129,esutboy
130,_iamvr
131,HonorToucan
132,SindheSourabh
133,Magmageddon
134,dcmirandah
135,Elizabe05340365
136,babsun321
137,QuakuBour1
138,BKazoom
139,aayushbcode
140,2J3LCORP
141,Michell17815156
142,017shubh
143,JonasEjby
144,JustJannes
145,Shikogo
146,onuremreckr
147,SureshRachcha
148,Attrattorestra2
149,jopop213
150,Harshja79100593
151,Adrian_Price
152,eunikeklb
153,meeniesingh30
154,sobatedgycamus
155,andyt00003
156,BopapeCaleb
157,TheSatanDEvl
158,TantiSteve
159,lilsexciiboi
160,Sabahat65988606
161,Lloydy631
162,SlowyGogia
163,gradonacelnikSa
164,Moritz73634817
165,Extravaganzaah
166,OTH_TH4
167,prskashyap
168,NaveenNimmala2
169,SulayVora
170,puli470
171,Indio_Tech
172,rozalyanur
173,fahrimuafy23
174,LilliesAnxious
175,Tareqdisco
176,Oliverj1412
177,Eddison102
178,StephaneeB1991
179,idontknowshark
180,LotuS_FloweR_23
181,ascr23
182,Ryno44149171
183,orogosi
184,er_suren91
185,kevinkasenga
186,Paxipaws
187,william_antill
188,mjepson2
189,Chuvi78269461
190,saigeeviolet
191,DuncanC57599135
192,AyushiB41402979
193,sanlingesh
194,MemesSpaghetti2
195,chetan_karigar
196,_seb__astian_
197,NiyazSoudha
198,EuniceSarahWen2
199,RKleinsmiede
200,1mgautamk
201,honey25039881
202,siddhant5551
203,JackWeidman2
204,Young_5moke
205,thaakirahdoilie
206,Khashayar_r_ch
207,jitendradas901
208,TheRealKaYnE
209,PRAGATICHAVAN9
210,ericaj177
211,Aspirer_AJ
212,khadka_sabal
213,BangsatSobat
214,tocateuntango2
215,OH1O_
216,Tara06722633
217,vivianax333
218,blakestuddard
219,OldManZack
220,shahid3170
221,M05629617
222,Aftab7815981064
223,jain96672815
224,Enkenarliokgen1
225,cherine_madi
226,SalThePal_
227,Jesari15
228,mikelwhite17
229,Finnen666
230,imgolug
231,Laxmipriya2502
232,Nagendr91193036
233,WatershedVEVO
234,Westonbeatty405
235,jimjuris
236,akoesss
237,esakooo
238,ZYSrWO91SNPs6zW
239,SubTrash2
240,ArthurNyunt
241,playmobyl
242,runner162807
243,Great_Kamil
244,Dimadimadu
245,PrinxRosey
246,DraftRepAmash
247,aarush85312545
248,AllanManzi3
249,Bidon541
250,DASJANMEJAY1
251,JunaydSO
252,Christorian9021
253,JoshuaNuralim
254,finn_yip
255,GentlemanUsa
256,just___tom
257,HillardColin
258,ShawnaJo6
259,iamtimfoley
260,haiqalitty
261,ohmyuni
262,Mc_Burrit0
263,Hunter_Tylerr
264,Muddasi75405992
265,Kexcellevin
266,bmariepier_
267,kalistacat
268,mrjbix
269,iamnorac
270,bjizzle71
271,s_e__7__e_n
272,strwbrry_ygrt
273,xGODSPEEDx56
274,AshleyBojorquez
275,KayakKenDoll
276,MomChica
277,Alejandro95Ro
278,thenatetodd
279,AnkitaC41782100
280,SweetSimpleHO
281,SharadSaraswa17
282,WoopItsDMill
283,CarolinaBeckerO
284,BarrieTaekwondo
285,MuriukiRiu
286,mikeeeehunt
287,ashleyjune21
288,GeceKartali2023
289,JoHaydn3
290,ibudMAGER
291,camma972
292,turttttle1
293,JohnMoriarty06
294,biaklamt
295,kingsgaming15
296,JacksonEverett9
297,Addie04744401
298,aaronthegregg
299,simonbusemeyer
300,Nobody45723886
301,japandroid_san
302,MuffinMaster08
303,AmeezyEpicness
304,bunninom
305,sizzlefrog
306,kbolin41
307,Raveeey6
308,coolguyrory
309,FaustoRochars
310,rajandevvv
311,SKS29778975
312,fabbob09
313,panduwo
314,xygoodman
315,BigDogVaughn
316,Gabriel_haushau
317,rcp_99
318,hellamdcool
319,Hollygonotsoli1
320,JaponesesTanaka
321,nathanhome
322,sudo_echo
323,lenathene
324,SamanthaKBarry1
325,jnrane
326,aurantifolium
327,ganicheerla
328,fabethan02
329,Amanda_Franco
330,Hanamicchiii
331,Jai61Jai
332,mzharkynbek
333,laneena11
334,RyaneLeAnn
335,ThomasL31664187
336,idryer99
337,Mournhart
338,anarestrepoo1
339,Marten_BK
340,averagesmolbean
341,squidwardmiku
342,GinoChiu
343,Michael72664138
344,RSCUPxCAKE
345,liamforges
346,John_Piland_
347,luukkap
348,Officialbrentch
349,JonathanRHuber
350,ShaunHa08855249
351,SlimyFrogJazzy
352,AnchitBakshi
353,Angeliinaaaax
354,BunnieGames
355,SparkRemains
356,TuckerPearson6
357,S_S_R_717
358,hu22icane
359,Xanlan1
360,TheThornyDragon
361,SanonRyan
362,othertweeeter
363,SansaSt71270217
364,HPsDaddy
365,Rubemssilva
366,Eric26638126
367,Mitra00060668
368,RealSuperKicks
369,ban_tele
370,Titania_off
371,HelloJulen
372,Meyer_Barry
373,lexionlykeepout
374,alinamercedes
375,indubitablylee
376,deborahsaa
377,sundayonamonday
378,SmileDayDream1
379,FrKeithV1
380,DarwinRussell6
381,SpaceRangerKyle
382,EndlessSnark
383,RigelGruberg
384,hostsymbol167
385,ehabmoalex
386,realMathmood
387,Tiare44482216
388,jenkster1985
389,17Mestre
390,wyrick_denise
391,KDallasHammond
392,cgracelloyd
393,daniel__atat
394,JasonPaganos
395,Eisentower30v2
396,anthony22223732
397,bettercallsany
398,OwenCarusi
399,1035161Com
400,connoraaustin
401,pikotantan3
402,TMFX3
403,TypicalPrince3
404,HeroOnYT
405,willinfantry111
406,ShutdownBoyer
407,yemikifouly
408,ayazzzz_x
409,James_Hogg20
410,mojtaba_izadi
411,Alyssa46272647
412,JesseJa52729913
413,LZiffermayer
414,Atabakmirza
415,iamJATHY
416,abikrishna116
417,thomsonm_
418,ishtarmesopota1
419,RMillersWorld
420,menaIzowyhed
421,DeylenMarc
422,danidibgomez
423,tanglez88
424,ChickenSims
425,Elizabe47299753
426,Itis_nostalgic
427,joannajeffers18
428,trishapintavorn
429,beatricemoe1
430,chinomerican
431,darthVictovus
432,KantHearYou
433,maybmayb
434,ooohyabastard
435,jacksonshep011
436,kayteesez
437,Cindy97547892
438,khalifaabdelba2
439,ayund11
440,cintaiamer
441,JustinMckemie
442,AlmightySperm
443,MelisaAcar0730
444,JacksMrs
445,ITS__Cristian
446,id13809
447,CarrieTerbasket
448,dominikse
449,DankChristianM1
450,Valenti45678540
451,dlarity
452,MaggieMarquesD
453,JacobSquilliams
454,1SteveCooper
455,Moustaf17583506
456,LandauLior
457,ortega_manzano
458,fxlmxdx
459,shellby30
460,khalyfornie
461,William_sarah__
462,Vastha56093025
463,XtinctionADV
464,thirstychaz
465,Demoncarebear1
466,quainthropy
467,seosamhparker
468,JAS20145
469,aamirahmado7
470,aj_innocent1
471,gunnersaurus312
472,SailorTwift3
473,null_buffer
474,StephanSansone
475,iamryanback
476,Eco_Evo_Austin
477,CMJAMES99
478,Luisa_Lange
479,mamadohossam
480,MickHoward17
481,jcpdothtweet
482,AveryDrunkBunny
483,cdogball25
484,totta249
485,Y17255999
486,MCesar_3D
487,sebrina24865711
488,aliamonieb
489,Nutcroft
490,kaliihua
491,moanchiko
492,_broryan
493,JRJones00869947
494,mahir_albayrak
495,jmvazquezmx
496,ARNETTSGALLAGH1
497,kimonbroke
498,Billionaireruto
499,BadeAltunel
500,crazyoldbird
501,imSureshThokala
502,n1kobe1b32
503,gofasterdominic
504,MupperDecker
505,singletlax28
506,Beestingsss95
507,ashraf_alahmad
508,bravine0
509,NIKHIL_2794
510,m_a_g_a
511,PeoplesGaming1
512,salmanhmd436
513,DocJares
514,TesdallL
515,Lisa48455373
516,Movlent
517,Drc_spark
518,AbeerALMuatiri_
519,thannasimi
520,hopegabriel247
521,VusKorE
522,RandomG09975179
523,saturatedonkey
524,yxngmazii
525,tvfanman20
526,smkasprisin
527,kretschma
528,MhammadHourani
529,Arc_blue1
530,JQBDIV
531,AshleyWarcop
532,_ashketchum
533,CarriganShereck
534,Fatima94314
535,FirstDanielUmar
536,CarmichaelJL
537,Leila_Ebooks
538,Bentai84991822
539,erfanefattah
540,julien_maltez
541,DramaJesta89
542,Ud_Prabhu
543,altheaw74
544,LynnAw10
545,l0l11a
546,denaahj
547,SabarirajanM1
548,Lovchr1
549,n_a_i_m_u_r
550,InmaGomezHdez
551,roblox_norway
552,BienheureuseIw1
553,player313
554,goodwich64
555,ishida_yoichi
556,dixie_normous76
557,Ytsjesanthings
558,gmiyazaki0
559,sahar__md
560,AnSharpies
561,realviczayas
562,NotTodayEric
563,arlekin__
564,iacobus09
565,nothingisnow
566,Michael14436252
567,aditya_todmal
568,StefanosFatolas
569,shwets_smile
570,FcodeBorjaGL
571,je0ng_uni
572,AsCebril
573,MeegulLopez
574,groovypepperoni
575,SageWalker19
576,apcircl3
577,Diegokortezz
578,Vansh29045941
579,bumbleness
580,JAV_1244
581,svansforing
582,IAmOsoWavy
583,mrtrollalt
584,busy_admi
585,andr3th3g1ant
586,Maveric44303891
587,GeeUWotM8
588,mrB_black
589,akshaydhabale93
590,cubssuk2004
591,OwOMoonlight1
592,Bak_Hos
593,jennha3
594,TacoAmigo777
595,CheetoPuffDust
596,RoganSimms
597,I_Alcoholic_
598,AhAB_86
599,GDA_Joe
600,MCore666
601,TJBills85
602,Al_Harake_Jawad
603,moneyfourcash
604,FllerKon
605,LukeHuls
606,Harshvardhan_15
607,KD_Burner35
608,fancypants723
609,skeptic_cosmos
610,StayGoldenAK
611,toddsmallie
612,LesHarland
613,Mosti666
614,LameLime_
615,SuperGafaMan
616,AZ_SZ6
617,ichrakiehNour
618,jeffreysnowak
619,TaherRashid5
620,samiiiiiiiiiirr
621,ZomaMisr
622,QussCmuGV75peSS
623,MarwaneAhmad
624,imAnilreddy_
625,Dana21228712
626,coaster64
627,Matteo72053183
628,popey996
629,veritaseana
630,justboredj
631,akshaaban
632,Diana_pdb
633,Jowohh
634,MaxOfLovePlanet
635,iwontbeblocked
636,ayda7827
637,NewDenzel
638,valarayyy
639,imAbreneman
640,blesseduppapi_
641,swaggdaddy691
642,godisnowhere__
643,cone_real
644,jonamichahammo
645,navjan13
646,MHeurtley
647,Joetaylor77
648,JM3nd3s
649,J_Sarkela
650,ILoveOgden
651,Sherry56373188
652,Sentrysx
653,soniaihiaoa
654,imanorangemoon1
655,erictsantos1101
656,kaaaaustubh
657,marcellacruzzm
658,Ry_Fraz
659,gardevoarr
660,KrishRetro
661,random94x
662,NickMihal
663,EllisonSerenity
664,Richard03641336
665,PineapplEmpress
666,BurnSoBright11
667,EmilioPous
668,visionclouds
669,sassjc
670,AaronBennett00
671,ElSrDeLosRTs
672,snoxracer02
673,padhunabhan
674,ra77set
675,BrittanyBoehl
676,AllEyezOnM3dia
677,bcwaggoner
678,anAn0nym0us
679,RickSanch3z1
680,autumn_rain_fox
681,lily42787635
682,deanmiyasaki
683,SCDband
684,phoenix_m16
685,JamesMa11436009
686,William17889124
687,VinnyCampbell2
688,BigBlueZubilyZu
689,andonesia32
690,Brandon_Hicks24
691,mhmdrfudn
692,Chezny12
693,_blings
694,m00n_ryan
695,whatsupdan6er
696,MattyG_Zus
697,Dannyk3625
698,B_Stelli90
699,OooYouDidntKnow
700,JTHam7
701,Kgalalelo_Glory
702,SighSquadPod
703,VinnMichael
704,ChaIIIls
705,fh_almazrou
706,dbrown_1999
707,ElPat0n
708,Footba11Joe
709,jessearaujor
710,MrbillNo
711,JonRobe91594031
712,darknezz20
713,caseylouis32
714,stjernesky
715,ElementalThief
716,Allen57531237
717,colbywhip
718,BigTimeTMZ
719,Homedogg123_CR
720,BrianPOnline
721,Devin_Dz23
722,KZ70ngrYSlj2bq5
723,thebasa
724,Maskedembiid
725,CrackerOwen
726,ChrisBl70357638
727,StNickFoles
728,DomZenga
729,tregsports
730,mike_Cardone7
731,RKeoman
732,CarlaTartt90
733,IAmTheMrH
734,Borimir98
735,BleakyTide
736,gbchaotianjiao
737,FUTfrankenstein
738,FunnyNaught
739,maier_jakob
740,esthermascaro
741,PatiRabikiran
742,jgmatthews0311
743,ThierryLeu
744,timister_
745,JTDaniels7
746,NVorbote
747,me_whee
748,hattiemoore110
749,dr_bichou
750,OwenDavies20
751,TheManipulator2
752,johndbenoit
753,Evan_Tyler101
754,rockstandre_
755,oggiegia
756,Prasanta_IITR
757,Jevfticka
758,clownbitch4
759,Bhawana19031970
760,christopheles_
761,_sarasobh
762,SkaTaTah
763,JPergine
764,Alagator411
765,Vincenz70540947
766,Gkt48220501
767,dummy_kittens
768,iam_shesha
769,seasquirt99
770,amitgemawat
771,jauaririver
772,WiebeckT
773,CassieMaeIsOkay
774,elise_brs27
775,emerylg91
776,lumennory07
777,payraedaw
778,visto_jr
779,MyPrivateMyself
780,LetItBeXavi
781,hims_tweets
782,gunnvant
783,harvey_kyte
784,KalthoomSalam
785,MissRainbowslut
786,SulaimanKatijah
787,Snoreg88
788,fhqwdad
789,iAtifShabbir
790,DawnMarieAllan1
791,davfuq
792,StuBoyland
793,lupita345
794,ScottJWalters
795,maelle_bertr
796,D_Elemental
797,_carvalho18_
798,davehuntley8
799,AkkbarWijaya
800,JonathanLatouc3
801,Caesar48944790
802,PignessP
803,Adamania4
804,_alann__
805,TimurGST
806,MelanieMoore
807,LuisAlb62717497
808,GenreTom
809,sumit_pakhare81
810,KinyuaKarumba
811,JAISING24500717
812,tinyhandstacoma
813,Nick41452521
814,FangTheHoundXx
815,KlempertSteffi
816,SvetrPetr
817,HeartyBrothz
818,edgeforgod
819,JoanaRSSousa
820,fellaurora
821,VivaLaNada_
822,_LucasWard_
823,dickrich406
824,CC88404089
825,redleaf42175464
826,reynolsy
827,AnthonyNehme13
828,SimonOShea8
829,arun_sadh
830,Gish_Moore
831,oanaweee
832,AmirGnz
833,3daysrest
834,GioMezzolani
835,Shishirmittal
836,Harish12162484
837,nikifyinglife
838,vivuchoudhary11
839,AussieBluenose9
840,ActualEarthMe
841,MrVGaming1
842,ForkeChris
843,0_0idFk0_0
844,gaedii
845,HKMK_Sufroon
846,HenryMartens8
847,thetwinzmom
848,LinaWil27552309
849,VahidDehghani11
850,Mohammadnaderit
851,PhilArthropod
852,silent_bitch_
853,2_perfectionist
854,Chuck_Cheesey
855,84rajkirannaik
856,dead_hermit
857,vipulsharma269
858,your_ashot
859,ZacRaymo
860,PaulMariani17
861,maniyaac
862,DelvadiyaPankaj
863,Sahraoza
864,Vicky98998629
865,idrus29888178
866,maxpein_coolins
867,udayakanthpanda
868,ruth79103084
869,anass_souhar
870,bianca_jeannie
871,o_tucsonn
872,dizzyreh
873,LynzBlev
874,kucingbelang97
875,mariusherget
876,kartikarora_03
877,eruteHp
878,p0patlal
879,aihmkarari
880,expressiveegg
881,ivanzaqqa
882,Misha34586891
883,frexpeer
884,VenkiVe01191110
885,zezerzezerzezer
886,AgeQuodAgisA
887,SaschaMaschmann
888,Mehaksinghal4
889,Mr_Oldmonk
890,hughponeill
891,imaIAtrash
892,Mirrorm41674458
893,itsvebitches
894,skomi92
895,DivyanshNatani
896,OmAndFour
897,PolitikInteres3
898,DanteVanHell
899,Fozan_Mahmood
900,n0t_aHacker
901,MrDuckyHardy
902,smxllzy
903,SamJohn08219360
904,SeanLow92003486
905,Chriskh94
906,begs21_
907,Saccaromyces6
908,Karthik10360745
909,AnwarBa03771197
910,BachensR25
911,Virdinija1
912,Justice4Alexeii
913,CrateYtb
914,NastassiaClar
915,Escapiiist94
916,RosieBored
917,chopin_andre
918,wairegibenn
919,Draelys_
920,MickoLjubicic
921,renaps_
922,seanSOBobrien
923,rayna_vierra
924,jenniferbtanios
925,victrIndiavictr
926,pritamA81933339
927,abcdefg_1984
928,zaftonnn
929,delaramel
930,TeraFoofa
931,bradyz
932,m7moudabbas
933,DootikaV
934,friendbeatit
935,SherwoodNicci
936,ve3_tor
937,rahulMa41258910
938,sharmasaubhagya
939,blessin11301994
940,JoannaDarnell3
941,KamTsang5
942,suma61993756
943,ccpablooo
944,Khaleel19772672
945,MilanSt_gtr
946,D___Victor
947,sapienhomo1
948,broklyn_shoaib
949,Abhishek__jgd
950,soloclaudia_
951,hafeeztweets
952,SabnisMihir
953,Dhruvnarad91
954,magnum16blue
955,KunjaraS
956,PrvnDeshmukh
957,BulletBurke16
958,grace73634418
959,VasilIv02083935
960,hopefully2yrs
961,KSchulz19640223
962,Gashrocks
963,DeySuryayan
964,technobaguette9
965,annicaangstrom
966,Chall3ngAccpt3d
967,LTaskovic
968,MyNomDePlum
969,VikasReports
970,PerfectMoonBaby
971,EeLloou
972,TheParodyRock
973,317Dave
974,kirong09
975,cosmic_bummer
976,santrastark
977,stormsoflove_
978,WotITwitted
979,ashishkibaat
980,TheMacIsCheesy
981,itzz_Vignesh_Vj
982,FelinaMartinez3
983,ElijaII
984,demigodly_kachi
985,KHANMAJIDOLLAH
986,namepleaseh
987,Janh75
988,HaranggadS
989,giflorstar
990,Rajvi93
991,Ritika293
992,MarkGanti
993,gnufy
994,gauravsaini_
995,ParomitaBhatt13
996,DoesNess
997,arshShah19
998,ahadkaka_
999,LuisJulioFerre1
1000,d3zrae
1001,Rakeshsable2
1002,ripunjay_tanwar
1003,omsrkian_aadeez
1004,musatay_one
1005,Jos79347444
1006,ghrimsehl
1007,DehitB
1008,Hildamor5
1009,soapse7en
1010,MysticMisty222
1011,MarkMattina1
1012,Pandey66shas
1013,cdpeck
1014,karmashagya
1015,hannahjoegan
1016,mariaRo55676179
1017,Medes33368337
1018,farhang_sasan
1019,gretcheenn
1020,nissarg_trivedi
1021,pongyesva
1022,AlisaReznick
1023,tarunsmehta
1024,poojaparkar
1025,Fifi93413338
1026,LynneGeaney
1027,KudaOnlen
1028,BlaineCzito
1029,andyjaymold
1030,SOUTI_BAQI
1031,Imanirudh8
1032,loaadventures
1033,micle11
1034,kdzabinski
1035,TehYandhi
1036,untalpe
1037,riseaga50153883
1038,peggyiho
1039,gerbonni
1040,Mrimbatman
1041,Esther35895794
1042,NorbeenBaral
1043,Ermike
1044,billyunderstood
1045,TheOddSquirrel
1046,licha4real
1047,kent_monma
1048,Sophie10118
1049,MeraiahBrowning
1050,Dreamshadee
1051,madokakondo
1052,SophieChou97
1053,omgsfd
1054,DevonMcPherson
1055,firatjacobtas
1056,Angelreal16
1057,jayanth51519665
1058,SophieTay2001
1059,angrytamizhachi
1060,JohnathanRoyale
1061,gfx_blitz
1062,zacrussell93
1063,charishktweets
1064,FakeDoctorPhil
1065,Da_Snake_19
1066,nithincombara
1067,nogustasambayon
1068,amandastockton
1069,Abderzak_ig
1070,genapick
1071,SnelgroveKen
1072,StefanP20278738
1073,izzyionni
1074,mikakawaiiuwu
1075,j_success_city
1076,Ad__Khamzayev
1077,LSerranoVecino
1078,sizzlesk14
1079,chiribem
1080,pablo2001
1081,airel_bolick
1082,mcintyre_harper
1083,ChadHartmanShow
1084,danish_ni
1085,BhubanPinak
1086,Number1River
1087,davapix
1088,karthi_haibuddy
1089,chilukurikiran
1090,Dogglesthemind
1091,ecanacinad
1092,MonicaJ92590424
1093,sharksandcrocs
1094,Gwen00886396
1095,emin02925223
1096,The_sycamorean
1097,BenErnst9
1098,Chikkie22769
1099,john1gressel
1100,citizen83437783
1101,kitmaxthomas
1102,jonathonnosnner
1103,abysityOWO
1104,GimpusMaxi
1105,GioMSM
1106,Repolho31194309
1107,MariaMarsha5
1108,SmarandaSerban
1109,decramundo
1110,myrondulay
1111,SuupaDuupaD
1112,m54701607
1113,Adam26435608
1114,Convulsivo
1115,vicki19615
1116,ErikFreediiFree
1117,Arthur402_
1118,markmywordz
1119,tommurphymedia
1120,jsharonnn_
1121,lawrencemarch
1122,hanseiskonen
1123,_fairy_tear
1124,JajiGeno
1125,HalldrErnir
1126,PearceLeesa
1127,VerucaDee
1128,ozgur_alptekin
1129,iconic_midget
1130,goldencfptdnet1
1131,CGoldenKerrick
1132,0kosar_
1133,Raymondryanq
1134,jasminebelleauu
1135,raquel_adow
1136,jmoonbeane
1137,nigafas
1138,snixbar
1139,_AsserEzzat
1140,yazidMarley2
1141,smartnfunnygirl
1142,suthrasadino
1143,nk520_
1144,drmrme08
1145,TahaAlthobri
1146,WmRFrank
1147,tim_dasilva
1148,blaslikesdudes
1149,OakshadeStudio1
1150,mad_knitta
1151,VeraLovici
1152,SweetieMcGee
1153,rmsodt
1154,RustinCohle___
1155,SueHorscroft
1156,posborn235
1157,ahmed01028290
1158,aufmupfig
1159,LoloAlvarez14
1160,jeber
1161,luchella1
1162,ThoseWhoListen
1163,BASHARbenOMAR
1164,ednakul1
1165,realJacobTy
1166,kbid99
1167,okiisekai
1168,MatDawidowski
1169,Eduardo84951013
1170,WiscoMomm
1171,Charmai01725276
1172,Mary06357136
1173,vatfraud
1174,nidaozenir
1175,letterki1
1176,ArchOverment
1177,ainsley07287459
1178,kikiiadamo
1179,m_giacchino
1180,nadine_dw
1181,Nin96165530
1182,mr_ayybann
1183,ruth97671606
1184,CyrDominic
1185,hgwarrender
1186,No_name_HR
1187,PartaiJulid
1188,truth2610
1189,MissLaya2
1190,Isa_Villamizar
1191,clerc_thibault
1192,jesper_haabakk
1193,Hga3825
1194,stevesomers11
1195,Shanine_Jade
1196,YacxneArab
1197,EttikBinz
1198,FreeBirdJoanie
1199,JuanCriterio
1200,Sushinxed
1201,RealLutikriss
1202,IsmaelCaloG
1203,kekoriko11
1204,Johnsondomain1
1205,dieuxdubasket
1206,KerlsB
1207,tfosu95
1208,ClarkNathan3
1209,padarmstrongPT
1210,felicit42620304
1211,b_pasqua
1212,tweet_queen666
1213,Bijendra613
1214,gopinheiro1
1215,ljutazver
1216,psskshh
1217,Terence22273087
1218,DrAWaddington
1219,Patagraf00
1220,JoanManuelMen11
1221,bitterassprof
1222,askadromming
1223,rometvv
1224,NomoDave
1225,PiatPod
1226,Ausgeburt1
1227,JarettDKing
1228,karleenxx
1229,lesliescrazy
1230,jc_soonergirl
1231,tinkamolotov
1232,AgBasilis
1233,ferfloresdea
1234,LauraMaySmith1
1235,honestlysame8
1236,Osakayz
1237,cla_design
1238,benck1982
1239,G20Alexandris
1240,iam_mf_richard
1241,WhyNotDiana1
1242,RugbyTanner
1243,fcereniii
1244,janaakay99
1245,schmid_edgar
1246,BeyerBerlin
1247,PupperRomeo
1248,BillieK44244469
1249,jenna_bee_13
1250,chtv_shekhar
1251,hazyajay
1252,Crusade_Hours
1253,Suckling1000
1254,ImanAbbasi16
1255,ee_pdx
1256,VDjinlev
1257,MoritzMichaeli1
1258,niv_tnec
1259,ashwdacash1
1260,joonlght
1261,GBombroffe
1262,TheRossMcIntosh
1263,Americanmaam
1264,joshua_khsk2
1265,brandon369walsh
1266,picturemil
1267,Hippychick789
1268,jayappur
1269,ThabiDzingwa28
1270,_fluffly
1271,taylnorx
1272,AmyCJ7166
1273,farbodsmt
1274,Ramadhan_Bs
1275,HabberleyIain
1276,boombastic305
1277,ciaran_hicks
1278,KHusdal
1279,Surya10xW
1280,rurikab
1281,Nin80
1282,ElijahW00151473
1283,TheTirthShah
1284,MohsenAzizi123
1285,464lv15
1286,husseindhainy98
1287,sunsid89
1288,Kr4yh
1289,gonkwhore
1290,CaseyBa91346088
1291,Chainsaw73
1292,afiheneantwi98
1293,alrzasadi
1294,THEDON2019
1295,xadico
1296,_________Mir
1297,kiwiiwow
1298,Iraivan10
1299,godsslavee_
1300,Abhishe14249723
1301,Sleepy_Dj3
1302,Dyla2t
1303,deinkiez
1304,neralkarnitin
1305,julpark
1306,lazymousee
1307,Daniyal_Kamran
1308,nikh0303
1309,I___Aphrodite
1310,kmerz_11
1311,awkarym
1312,frederickacomb
1313,KarenTbert
1314,Lrbliss
1315,to_b_or
1316,_AnthonyWLee_
1317,makenzi35404268
1318,EZEimmanuel1
1319,6afshana
1320,CraigCorona2
1321,annabanana96
1322,AbhishekDeogha3
1323,iamknown2u1
1324,zakimmy
1325,sabkaKategaa
1326,bloodyum
1327,Athenadite121
1328,markatt07
1329,Charlie89054494
1330,EmiliePouillard
1331,pennyro30298870
1332,warimikarogo
1333,Malte18885713
1334,Sadra1996
1335,Akshays_Batman
1336,MattMotionless5
1337,TaoscTony
1338,ukfishert
1339,grimomar7
1340,GeeGee_Chan
1341,JavierRamosGon6
1342,ve_carano
1343,accountantmemes
1344,AlXbert2
1345,john_jttindall
1346,NadeemA35234764
1347,sapnabansal2
1348,itsmepankajkh
1349,maricelalazcano
1350,trilaphyte
1351,Celtics333333
1352,Fabi_Aguilarr
1353,IBiaaatch
1354,datachoirsounds
1355,NotlawCraig
1356,irebigia
1357,geller_cameron
1358,naveensastry
1359,SaiKrishnaTP1
1360,GooBomb
1361,Carolinepoiri17
1362,roluis7
1363,Acai011D
1364,monke99735752
1365,SushantPrabhu5
1366,rockboy2u
1367,shubh1965
1368,jaydn_is_trash
1369,LaJefaDab
1370,HistericaIrrev1
1371,Babygir37266129
1372,Lazy_Giggio
1373,monk26_
1374,ZONEofTECH_WINS
1375,SharleEclair
1376,LlanexWoW
1377,skillasociali
1378,Mariav07545388
1379,DKVK123
1380,MariaStenholm
1381,Mmkulang
1382,Sir19956050
1383,LimonadoL
1384,_murli_thakur
1385,SaptarshiChoud9
1386,AndrewHolmes01
1387,thelittletim_
1388,PadmapriyaNair1
1389,drmrydr21
1390,gemmz3x
1391,putoxico1243
1392,randeepsg
1393,Slab_Driver
1394,Rahul_Aaryan
1395,Satypal59865093
1396,StrombergBrady
1397,h0ssvm_
1398,EmileA23910
1399,prasoon6151
1400,tara_lalanne
1401,LiraSadriu
1402,Claire87164937
1403,QuantQuantum
1404,MadhiraPavitra
1405,octavioluna_
1406,Maja57510087
1407,CurrieKid69
1408,RameshGB6
1409,margretthor96
1410,Imjustbrowsing5
1411,whateverasha
1412,Zed68369544
1413,PermSecScot
1414,girllightningws
1415,iSilverKnight
1416,SankaraTam
1417,Khobbytubz1
1418,awnaves
1419,baceti329
1420,jose_correax1
1421,kongu_tamizhan
1422,heylookitsliz
1423,CulturedPaws
1424,Weiliwang1014
1425,JuanManuellPB
1426,kingcobraaa
1427,DineoDeeMash2
1428,PaolaSleiman
1429,luxyqii
1430,prasanthraj1995
1431,C_Page70
1432,kanchana243
1433,Nages1985
1434,MySoulSpeaker
1435,maisarahsaodi
1436,nstarnes5
1437,corinamtzr
1438,ialvarezl87
1439,tsnatchh
1440,KendallGundlach
1441,AnilBaler
1442,mayan1977
1443,Etchlization
1444,Dhanpat73089719
1445,Garin_Lim
1446,AdamHow43982659
1447,CapperXenon
1448,Dotabaz
1449,JohnMwaniki_1
1450,MoveOnSD
1451,NevPc
1452,AnkonBhowmick
1453,l0cket_
1454,DaveG2504
1455,schandrashah
1456,AnthiaPRINTcess
1457,designitdc
1458,MKrockta
1459,SoulEater1398
1460,SedonaZona6
1461,FlindersRiley
1462,faayetti
1463,Iamkhan717
1464,zamzamlul1
1465,valnerir
1466,WenzelKarol
1467,BLUIISH_
1468,RohanIngole9
1469,Justforpun1
1470,Atom43478777
1471,indrevica
1472,Chesterthetiger
1473,0spookybabe0
1474,trishliwanag
1475,hakusha_9
1476,goodluckobi10
1477,thuma_b
1478,Emulliy
1479,TtonySitorra
1480,MariKristensen1
1481,Cindi13500031
1482,suryacpcu
1483,Jefferson16971
1484,Serf_TripleGod
1485,AFumani
1486,SeppukuIsNice
1487,TreysFrags
1488,JohnU162
1489,chloe81807459
1490,AmberRoessel
1491,srishti_palimar
1492,hakond
1493,sose__x0
1494,Juan4Yang
1495,andsoul1969
1496,ugh_people
1497,succowitch
1498,owoilovecrying
1499,AJayTorres1
1500,MemeRiven
1501,jborrellz
1502,jeffdowd
1503,just_dai
1504,br_kafle
1505,yaenniverr
1506,Abhishe95545860
1507,louisebeaucham1
1508,legohousene
1509,chrisflo219
1510,amrtnshu
1511,saraferrata
1512,gouffd
1513,pmspin
1514,AdimasAditya1
1515,JohnGarlits
1516,DannaGonzalez77
1517,phillie1980
1518,Tiitttaaaannnnn
1519,SkyFullofSstars
1520,angievan526
1521,woastytoasty
1522,BasilTarmac
1523,aveigarosa
1524,pooryahatamirad
1525,Cristia81926171
1526,weeelums
1527,Imposter1599
1528,CAlexandra666
1529,Ata951388
1530,shexwsl
1531,Denin_00
1532,MJUKcollector
1533,panda_who_
1534,alex_selinger47
1535,BAM20101369
1536,RickLangford407
1537,marielcabanas
1538,StammAnabel
1539,JayMain_unkown
1540,bean42069
1541,mostlylaughing
1542,alwrites
1543,mommyfish22
1544,anavanderpereir
1545,janne_grofmeyer
1546,susan89235157
1547,engrbilalyousaf
1548,detergent_0
1549,SarvjeetJoshi
1550,AmeliaDoudna
1551,teripost
1552,Mustafa__Hayati
1553,Bin_david7
1554,_franciscoiv
1555,SpaghettiGobln
1556,Jitochii
1557,TimMcGarrity
1558,GregWaldman
1559,thegameguru6
1560,eddie62200974
1561,JConstantinides
1562,DrennenJr
1563,Bokito09159740
1564,sultan_milkyway
1565,annlimite
1566,Fausto03101206
1567,MaxUTD
1568,Flo55293992
1569,SullyMDB
1570,Kriti09937655
1571,magnuslaursen5
1572,Adamations
1573,suntao0001
1574,Elliot55859964
1575,ozeraa96
1576,vipulredey
1577,itsosabi
1578,SBeetle7
1579,hvharsh142
1580,xhi_al
1581,northerndownyee
1582,BlackPearl9611
1583,frankdevlin67
1584,rajudave4630
1585,Noskirerocks
1586,rpkhokhar1
1587,sdalcas
1588,AtheistsBengali
1589,IrynaB
1590,JayPoisonous
1591,wcli1108
1592,mrdemaole
1593,noellamoses
1594,siryonkee
1595,Ufostoner1
1596,xJuli
1597,vwgtivw
1598,LiamMilas
1599,asif_pirali
1600,RahmaIrni1
1601,plunder_bunny
1602,tx_mercedes
1603,Shelley05061389
1604,cgtoachandhkok
1605,Carlthisistaken
1606,hreshtak__
1607,its_s_sarah
1608,Pravda44512878
1609,bonzi_news
1610,Raimundo80
1611,mciereszko
1612,pain_through
1613,pascalwarsaw
1614,ilostafriendd
1615,MaximHamid
1616,Tobias_V14
1617,daPoiky
1618,rishi_kamat
1619,solovirtuoso11
1620,TWINGORMITTI
1621,RickJFox
1622,bumblebee24051
1623,Amit94924907
1624,hilmyalfafarisy
1625,Mullarkian
1626,Arijit__Dey
1627,Corazon1902
1628,sobaka_sabaka
1629,Nimon0172
1630,ArcticBlade3
1631,RAlzafir
1632,pamppuww
1633,QattanUsama
1634,MixdPplProblems
1635,AmadoMan_
1636,chiarin3
1637,SnarkyLisa
1638,Mayhort
1639,bykkivmasle
1640,BeefNunes
1641,thebumfuzzle
1642,beccleton77
1643,smithdaniel99
1644,deepthi_peter
1645,ejrvin78
1646,ShahaShahezad
1647,immanualKant
1648,Damien90744077
1649,DavidJe03534248
1650,john_rushell
1651,CysterNation
1652,halfquarterqua1
1653,maaikeverburgh
1654,Archer_1304
1655,flindner23
1656,Ilovecatsandsky
1657,seriouslytimmah
1658,calum_gilhooley
1659,merynegash
1660,oBelieveMe
1661,alpingham
1662,BillSmi78658733
1663,chiefgovernance
1664,MJSTYLER123
1665,skatergoatz9998
1666,Xalectric
1667,akgungor_c
1668,awwmyloueh
1669,juliansarangi
1670,BlazonUrban
1671,bobaTndhusbish
1672,AvatarSheraz
1673,Felicit17207098
1674,11Georgianaa
1675,aseem_savio
1676,kabalanageeb
1677,deutsch_schwul
1678,bichdisgusting
1679,VishnuNairr
1680,Arshaaaaadddddd
1681,22intersection
1682,Fahd24724803
1683,Squid_WEIRD0
1684,confusedyana
1685,luzzz_01
1686,TheInfamous1515
1687,nagrtkm
1688,rtusnial17
1689,McGhannagain
1690,djoriafterdark
1691,Thyukr
1692,rvk240
1693,freecss33
1694,ManuelYiyi
1695,Spam35381552
1696,cocololaruby
1697,GithiomiN
1698,SeanSte36094192
1699,maymi_b
1700,RiosUdechile
1701,johngeorgeza
1702,mr_poks
1703,jjmasotta
1704,AJin_Emma
1705,MagnumOpusPI
1706,emmrr257
1707,Debois
1708,GureAden_
1709,Jan08780071
1710,Dmaniax0
1711,aliabader8
1712,ReportBeijing
1713,MichaelMendis01
1714,NavneetRaj_IAS
1715,SahilMe46461768
1716,Jibazz
1717,mangyucc
1718,SpaceWalkerReal
1719,hediiehh
1720,MansiKhanderia
1721,1_TaMIRLaN_1
1722,bart_fraser
1723,ravenwinterr
1724,shifter_soul
1725,MatijaBudja
1726,online_lfc
1727,cferna35
1728,mebilal8
1729,chris_wodumo
1730,ahmeddouzs
1731,guncharez
1732,ChraChris
1733,ArrozconLecheQ5
1734,th3n3whandl3
1735,La_Toddi85
1736,RauniyarTanishq
1737,stemills77
1738,ozziebots
1739,ditta_zc
1740,MagdaZaspana
1741,ACLOZAN0
1742,kaiisokayy
1743,maydelynnj
1744,TankPope
1745,Dino_rex983
1746,BBirc91
1747,gabs_el_humano
1748,orianaefm
1749,BasicBitchTears
1750,WWeyting
1751,bigdumbenergy
1752,whoaa512
1753,MidgardCottage
1754,KRISMELENE
1755,KyleL264
1756,JaviM_27
1757,IamSridharBabuT
1758,chipj16
1759,chrystalzou
1760,SamuelS30999655
1761,kafway1
1762,kc9844
1763,eddiechu888
1764,deguin77
1765,barragl
1766,iramjmc8
1767,QueOde
1768,MattEvered3
1769,zacharyFlaniga2
1770,bhargav415
1771,Kristensthename
1772,roserosecrafts
1773,UtkarshGupta55
1774,HasanMo88171110
1775,_thunderstorm_d
1776,Ss4cFilm
1777,WarCat66
1778,alyshiggins
1779,ajay_goratkar12
1780,aaaaaayokona
1781,Mucuscz
1782,mima_no_heya
1783,EstaphanGoat
1784,JustCa11MeKevin
1785,dengkulrezim
1786,wuh0810
1787,searres
1788,kaushik_deo_
1789,humblebrokeboi
1790,edgrg_
1791,Berndt42Berndt
1792,bob_snab
1793,joechao9
1794,SaKiWrites
1795,JayBadlani2
1796,barneytheslouth
1797,gorgeousvibes_
1798,mamakemie
1799,Tribeca81418073
1800,chroobss
1801,LauraGarQue
1802,Grassnthrash
1803,Frances95980980
1804,pure_soul_18
1805,jackiedewit00
1806,mazixo2
1807,cotath
1808,iamSid_13
1809,NadeemK06502061
1810,Garkkap
1811,sqwashy131
1812,melisalinenberg
1813,mjlbergs
1814,Vlad99671244
1815,BrooksRing
1816,MontyPy23449282
1817,Be_Kind___
1818,Jeepguyjoe
1819,marktj84671314
1820,DIEGOESPINELDG
1821,ewilliams_emma
1822,adler_corazon
1823,Patriciamv3
1824,___veracity___
1825,playonofficial
1826,mzia2
1827,Tava86688222
1828,Rahul85517505
1829,SleepySteampunk
1830,musandiwa333
1831,christin_haft
1832,JulianEduarMelo
1833,blakape
1834,Its_a_Mores
1835,wellobserved
1836,sivazr
1837,SadafCh92
1838,AhirSrdt
1839,AdrianNoriegaMD
1840,tristan_was
1841,PhilipD93940301
1842,1QuyT
1843,abe_yorke
1844,rafaelquirozvz
1845,Tha_NYer
1846,SaudiTitan
1847,candekalaidjian
1848,RossCuller
1849,Ya_gay_blin
1850,TX_Dave2
1851,lsmith5264
1852,jtphilly10
1853,thisis4youmaybe
1854,lana37393545
1855,LisaDeb06986711
1856,NobleRawwad
1857,beckyanncole
1858,Javilvarez6
1859,KhrizRadke
1860,Glorious_Din
1861,SimoneClara2
1862,heppisingh
1863,Moulo52855167
1864,Dezblog
1865,TierneyKae
1866,pranay1107
1867,wa7hi
1868,megajohn1927
1869,AnneCarney17
1870,dakotasdavies
1871,1bertoc
1872,acastrob0913
1873,_abysskheiss
1874,DianeMahana
1875,vindureu
1876,nickazevedo
1877,thescottherman
1878,LordAndSaviorGD
1879,chercher_ai
1880,RuizLC
1881,emmanuelele_
1882,zosarone
1883,CataneoVale
1884,alpentland
1885,josemurico
1886,Chare112
1887,samlreyy
1888,FriscoValdez17
1889,EdensBeverly
1890,camz4dayz
1891,broadwayturkey
1892,BensonKitia
1893,Nanybearr
1894,JohnSom39655912
1895,HighImmr
1896,Aydan33836480
1897,amykellerlaird
1898,traci92720039
1899,maosamala
1900,AshLynxeiji
1901,Aussiedawg15
1902,BethEklund
1903,33Biker
1904,Infinitelight4
1905,richschapiro
1906,Choooompy
1907,itsitsban
1908,trujilloisela
1909,mattR51463739
1910,VernRandall
1911,mariobarrakas
1912,Bill_Canter
1913,shawna49909649
1914,Max08145045
1915,Ricky_became
1916,PooyanShafaie
1917,dtspada
1918,StandardAlmond
1919,Matias60558384
1920,christian89
1921,gugatcollective
1922,TammyMathes
1923,ActOfVioIence
1924,PedroAm73250065
1925,SefianiSara
1926,TwistedLi
1927,DoggoPupper315
1928,vwastingmytime
1929,kfitzpatrick423
1930,panther_wht
1931,astroHDE
1932,RhettSever
1933,FrozenShadow14
1934,yell_geek_pig
1935,_Waterlilie
1936,Pammiz20
1937,mariainesprtla
1938,aymanedrank
1939,DAouster
1940,PWilson_14
1941,Jessrocks71
1942,bob_gods
1943,amanlakhaney
1944,LakhaneyA
1945,KAyasoufi
1946,VinodKajale11
1947,Anderbeaubeau
1948,Linds_warner
1949,RickGar65189844
1950,rajivROjha1
1951,DZamensky
1952,edrotleff
1953,shimoda41
1954,DiemGuy
1955,luislozac
1956,Lauren63179984
1957,edilyvivi
1958,Pieter_Party
1959,Jkingmidou
1960,mojo_jojo_310
1961,BeydounWb
1962,DestinosExotico
1963,wwweee76
1964,ChesterSnapdra1
1965,tibu_132t
1966,Diverdjent1
1967,tifking73
1968,ilovemymother87
1969,YoursSatya
1970,whywinter1
1971,itsjacc0
1972,JQMurray
1973,sidecarjed
1974,InfinitEve_
1975,SouSouQuee
1976,car1ob
1977,Keitamine6
1978,Cratex02
1979,kung_matthew
1980,akhil_meleth
1981,Hungnificent
1982,BruceMelodie
1983,raoulamaar
1984,aishaikh
1985,AbdulThomas11
1986,idoevenpaz
1987,LI_Zhiquan
1988,maxjara23
1989,sarahfirth57
1990,lupitadav3107
1991,hannahgjames
1992,doctorkvale
1993,Goncasse
1994,saoerfan
1995,RealSimborg
1996,NerdCast2
1997,Gisel_ape
1998,tanishasharma04
1999,diskrepens
